,episode,locations
0,GAG374,"[('Lemberg', 24.0315921, 49.841952), ('Lwiw', 24.0315921, 49.841952), ('Lemberger', 24.02511384694275, 49.80678695)]"
1,GAG373,"[('Berlin', 13.3888599, 52.5170365), ('Rundschau', 10.741955730705495, 47.237874649999995), ('Ricky', 16.355841, 49.2329241), ('Osten.', 7.3196649, 45.7370885)]"
2,GAG372,"[('Bordeaux', -0.5800364, 44.841225), ('Frankreich', 1.8883335, 46.603354), ('Frankreichs.', 12.499366, 41.909354), ('Spielbanken', 13.1435808, 52.3842491), ('Monaco', 7.4276832, 43.7323492)]"
3,GAG371,"[('Rom', 12.4829321, 41.8933203), ('Reiches', 13.052495450129618, 52.397592), ('Galla Placidia', 3.901669242122058, 43.598177), ('Ravenna.', 12.059009490863945, 44.364060699999996)]"
4,GAG370,"[('Konstantinopel', 28.9662187, 41.0091982), ('Jerusalem', 35.21198075969497, 31.79592425), ('Paris', 2.3200410217200766, 48.8588897)]"
5,GAG369,"[('Riitta', 24.3927258, 60.3691612), ('Gebrüder', 18.4223858, 45.6564123)]"
6,GAG368,"[('Schweiz', 8.2319736, 46.7985624), ('Österreich', 14.12456, 47.59397), ('Schweiz', 8.2319736, 46.7985624)]"
7,GAG367,"[('Schweden', 14.5208584, 59.6749712), ('Schweden', 14.5208584, 59.6749712)]"
8,FGAG05,"[('Bayerns', 11.569015, 48.1440788)]"
9,GAG366,"[('Avignon', 4.8059012, 43.9492493), ('Rom', 12.4829321, 41.8933203)]"
10,GAG364,"[('Neapel', 14.2487679, 40.8358846)]"
11,GAG363,"[('Hawaii', -155.42837009716908, 19.593801499999998)]"
12,GAG362,"[('Pfälzer', 11.565400551224425, 46.60537885), ('Bayern.', 11.4038717, 48.9467562), ('Bayern', 11.4038717, 48.9467562), ('Zweibrücken', 7.3641981, 49.248655), ('Bayern', 11.4038717, 48.9467562), ('Bayern', 11.4038717, 48.9467562), ('Bayern', 11.4038717, 48.9467562), ('Bayerns', 11.569015, 48.1440788)]"
13,FGAG04,"[('Matterhorn', 7.6585734, 45.9764421)]"
14,GAG360,"[('Alpen', 9.141582381412086, 45.9081401), ('Matterhorn.', 7.6585734, 45.9764421)]"
15,GAG359,"[('Stornoway', -6.3881077, 58.20842)]"
16,GAG358,"[('Hessen', 9.0284647, 50.6080651)]"
17,FGAG03,"[('Tücken', -110.483824, 46.9844091)]"
18,GAG357,"[('Afrikas', 49.1666667, 9.8333333), ('Großbritanniens', 12.50154043735413, 41.90823145), ('West Africa’.', -0.20012477770047185, 5.6343285000000005)]"
19,GAG356,"[('Hollywood', -118.329523, 34.0980031)]"
20,GAG355,"[('Wiens', 7.7257921, 51.7455388), ('Um Wien’.', 16.3746505, 48.1981595)]"
21,GAG353,"[('Geschehens', 10.5677982, 47.9952098), ('Andalusien', -4.5811614, 37.3399964), ('Cordoba', -4.7760138, 37.8845813)]"
22,GAG352,"[('Europa', 10.0, 51.0)]"
23,GAG351,"[('Frankreich', 1.8883335, 46.603354)]"
24,GAG350,"[('Deutschlands', 13.667225793245475, 54.559670350000005), ('Österreichs', 4.3858447, 50.843417), ('Tiroler', 12.3136986, 47.4451289), ('Bauernjörg', 10.1638388, 47.984728)]"
25,GAG349,"[('Geschehens', 10.5677982, 47.9952098), ('Sonnenkönig', 9.101948875586439, 47.28568025)]"
26,GAG348,"[('Bremerhaven', 8.5851945, 53.5505392), ('Mosel', 6.538035170357949, 49.0207259), ('Mosel', 6.538035170357949, 49.0207259), ('Deutschland', 10.4478313, 51.1638175)]"
27,GAG347,"[('Geschehens', 10.5677982, 47.9952098), ('Adrianopel', 26.5470763, 41.67785765), ('Thrakien', 25.09174778163463, 41.1141064), ('Edirne', 26.5587225, 41.6759327)]"
28,GAG346,"[('East River', -73.92771, 40.7792911), ('Manhattan', -73.9598939, 40.7896239), ('Brooklyn', -73.9497211, 40.6526006), ('New York', -74.0060152, 40.7127281), ('Brooklyn Bridge', -73.99575931949556, 40.705216050000004), ('USA', -100.445882, 39.7837304)]"
29,GAG345,"[('Großbritannien', -1.9180234948012402, 54.31536155), ('Ten Minutes.', -106.5211554, 31.8992104)]"
30,FGAG01,"[('Hamburg', 10.000654, 53.550341), ('Stockholmer', 18.070352088732243, 59.3268954), ('Mittelmeer', 19.9999957, 35.0000035), ('Europa', 10.0, 51.0), ('Afrika', 17.7578122, 11.5024338)]"
31,GAG344,"[('New York', -74.0060152, 40.7127281)]"
32,GAG342,"[('Stockholm', 18.0710935, 59.3251172), ('Stockholmer', 18.070352088732243, 59.3268954)]"
33,GAG341,"[('Frankreich', 1.8883335, 46.603354), ('Frankreich', 1.8883335, 46.603354), ('Paris', 2.3200410217200766, 48.8588897)]"
34,GAG338,"[('New Lanark', -3.7817483, 55.6637076), ('New Harmony', -87.9354109, 38.129656), ('den USA', -104.68536732610298, 39.8606676)]"
35,GAG337,"[('Wisconsin', -89.6884637, 44.4308975)]"
36,GAG336,"[('British Museum', -0.12801772178494725, 51.51929365), ('London', -0.1276474, 51.5073219)]"
37,GAG335,"[('Rom', 12.4829321, 41.8933203)]"
38,GAG333,"[('Pharos', 75.563151, 32.9130929)]"
39,GAG332,"[('Schotte', 7.393083488669008, 51.6516199), ('Honduras.', -86.0755145, 15.2572432), ('St. Joseph', -94.8466322, 39.7686055)]"
40,GAG331,"[('Ost-Blöcke', 123.2642926, 10.1031327)]"
41,GAG330,"[('Europa', 10.0, 51.0)]"
42,GAG328,"[('Broadway', -73.8810923, 41.0014175)]"
43,GAG327,"[('Toronto', -79.3839347, 43.6534817)]"
44,GAG325,"[('London', -0.1276474, 51.5073219), ('Tower Bridge', -0.0753662, 51.5055166)]"
45,GAG324,"[('Schweden', 14.5208584, 59.6749712), ('Nordpol', 0.0, 90.0), ('Polarmeer', 8.5816031, 53.5361904), ('Weiße Insel', 10.6587286, 51.828112), ('Hamburg', 10.000654, 53.550341), ('Bangor', -68.7778138, 44.8011821), ('San Francisco', -122.419906, 37.7790262)]"
46,GAG323,"[('Japans', 18.1069522, 59.3348211)]"
47,GAG322,"[('Stadt Kochi', 76.2674136, 9.931308), ('Portugiesen', 32.908820654080216, -25.97605625), ('Calicut', 75.7754716, 11.2450558), ('Indien', 78.6677428, 22.3511148), ('Portugiesen', 32.908820654080216, -25.97605625), ('Indien', 78.6677428, 22.3511148), ('Portugal', -8.1353519, 39.6621648)]"
48,GAG321,"[('USA', -100.445882, 39.7837304)]"
49,GAG319,"[('Königreich', 9.7404344, 53.5307358), ('Königreich', 9.7404344, 53.5307358)]"
50,GAG318,"[('Goiânia', -49.2532691, -16.680882)]"
51,GAG317,"[('Südamerika', -61.0006565, -21.0002179), ('Englands', -1.8595357657235332, 51.7039725)]"
52,GAG316,"[('New York', -74.0060152, 40.7127281)]"
53,GAG315,"[('Frankreich', 1.8883335, 46.603354)]"
54,GAG314,"[('Stadt Wien:', 12.75686945624503, 50.859699199999994), ('Wien', 16.3725042, 48.2083537), ('Deutschland', 10.4478313, 51.1638175), ('Hamburg', 10.000654, 53.550341), ('Soho', -0.1350494, 51.5140654)]"
55,GAG313,"[('England', -1.2649062, 52.5310214)]"
56,GAG312,"[('England', -1.2649062, 52.5310214)]"
57,GAG311,"[('Korea', 127.6961188, 36.638392), ('Japan', 139.2394179, 36.5748441), ('Korea', 127.6961188, 36.638392), ('Busan.', 129.0752365, 35.1799528)]"
58,GAG309,"[('Frankreichs', 12.499366, 41.909354)]"
59,GAG308,"[('Deutschland', 10.4478313, 51.1638175), ('Reisens', 13.416636123947946, 52.52312965), ('Côte d’Azur.', -48.54505494731274, -27.591857150000003)]"
60,GAG307,"[('Angola', 17.5691241, -11.8775768), ('Portugiesen', 32.908820654080216, -25.97605625), ('Njinga', 34.7380274, -20.1188332)]"
61,GAG306,"[('Bayern', 11.4038717, 48.9467562), ('Europas', 8.958095134724655, 51.14825865)]"
62,GAG305,"[('Piltdown', 0.0566429, 50.9841369), ('East Sussex', 0.3699977891068864, 50.9404266)]"
63,GAG304,"[('London', -0.1276474, 51.5073219), ('Portugal', -8.1353519, 39.6621648)]"
64,GAG303,"[('Florenz', 11.2555757, 43.7698712)]"
65,GAG302,"[('Fürstentum Sealand', 1.4825394875791087, 51.8943943), ('Sealand', 1.4825394875791087, 51.8943943)]"
66,GAG301,"[('Seacole', -0.1632557, 51.5160287)]"
67,GAG299,"[('Rugby', -1.2620038, 52.3726682)]"
68,GAG298,"[('Frankreich', 1.8883335, 46.603354), ('Absinthe', 5.9907336, 47.2456316)]"
69,GAG297,"[('Deutschland', 10.4478313, 51.1638175), ('USA', -100.445882, 39.7837304)]"
70,GAG296,"[('Herzogtum Bretagne', -1.5493813, 47.2157909)]"
71,GAG295,"[('Europa', 10.0, 51.0), ('Mexiko-Stadt', -99.1331785, 19.4326296), ('Naturhistorische Museum', 26.1989218, 39.0396197), ('Paris', 2.3200410217200766, 48.8588897), ('Axolotl', -99.1938973, 19.4316704), ('Axolotl', -99.1938973, 19.4316704), ('Mexiko', -102.0077097, 23.6585116)]"
72,GAG294,"[('Bayern', 11.4038717, 48.9467562), ('San Francisco', -122.419906, 37.7790262), ('Golden Gate', -122.4798443, 37.8302731), ('San Franciscos.', -48.5903208, -24.2170533)]"
73,GAG293,"[('Togo', 1.0199765, 8.7800265), ('Westafrika', 9.609507, 52.746658), ('Europa', 10.0, 51.0), ('Deutschland', 10.4478313, 51.1638175)]"
74,GAG292,"[('Schweiz', 8.2319736, 46.7985624), ('Schweiz', 8.2319736, 46.7985624)]"
75,GAG291,"[('Afrika.', 17.7578122, 11.5024338), ('Horn von', -67.2890335, -55.9789712), ('Italien', 12.674297, 42.6384261), ('Eritrea', 37.9999668, 15.9500319), ('Äthiopien', 38.6521203, 10.2116702), ('Addis Abeba', 38.7612525, 9.0107934), ('Rastafari', -1.5497683, 47.2095581)]"
76,GAG290,"[('Frankreich', 1.8883335, 46.603354), ('Großbritannien', -1.9180234948012402, 54.31536155), ('Großbritanniens', 12.50154043735413, 41.90823145)]"
77,GAG289,"[('Jerusalem', 35.21198075969497, 31.79592425), ('Saladins', 3.3860472, 46.5563902), ('Jerusalem', 35.21198075969497, 31.79592425), ('Venedig', 12.3345898, 45.4371908), ('San Marco.', 12.334024740406221, 45.43482885)]"
78,Extra,"[('Währing', 16.321605699999996, 48.234115), ('Wien', 16.3725042, 48.2083537)]"
79,GAG288,"[('Geschehens', 10.5677982, 47.9952098), ('Rom', 12.4829321, 41.8933203), ('Roms', 16.3665155, 50.4108421), ('Rom', 12.4829321, 41.8933203)]"
80,GAG287,"[('Deutschland.', 10.4478313, 51.1638175)]"
81,GAG285,"[('New Yorker', -83.01419306965731, 39.97729635), ('Little Italy', -73.9982152, 40.7192728), ('New York', -74.0060152, 40.7127281), ('New Yorker', -83.01419306965731, 39.97729635), ('Sizilien', 14.155048, 37.587794), ('Palermo', 13.3524434, 38.1112268)]"
82,GAG283,"[('USA', -100.445882, 39.7837304)]"
83,GAG282,"[('Geschehens', 10.5677982, 47.9952098), ('Königreich', 9.7404344, 53.5307358)]"
84,GAG281,"[('Spaniens', 18.0982343, 59.3263641)]"
85,GAG279,"[('New York', -74.0060152, 40.7127281), ('Indonesien', 117.8902853, -2.4833826), ('Banda-Inseln', -15.4166406, 27.9082627), ('Niederländer', 7.1423605, 49.1981861), ('Manhattan', -73.9598939, 40.7896239), ('Muskat-Insel', 58.5985294, 23.6214548), ('Nieuw Amsterdam', -74.0060152, 40.7127281), ('USA', -100.445882, 39.7837304)]"
86,GAG278,"[('Griechenland', 21.9877132, 38.9953683)]"
87,GAG277,"[('USA', -100.445882, 39.7837304), ('Wilmington', -75.546589, 39.7459468), ('North Carolina', -79.0392919, 35.6729639), ('North Carolina', -79.0392919, 35.6729639), ('US-Präsident', 14.233027, 50.826944), ('Wilmington', -75.546589, 39.7459468)]"
88,GAG276,"[('Stadt', 8.2146017, 53.1389753), ('Oxford', -1.2578499, 51.7520131)]"
89,GAG275,"[('Paris', 2.3200410217200766, 48.8588897), ('Eiffelturm', 2.2944990543196795, 48.858260200000004), ('Aussicht.', 13.922166, 50.783333), ('Eiffelturm', 2.2944990543196795, 48.858260200000004), ('US-Präsidenten', 18.55179, 54.4082983)]"
90,GAG272,"[('Europa', 10.0, 51.0), ('Na', 17.3231107, -23.2335499)]"
91,GAG271,"[('Stadt.', 8.2146017, 53.1389753), ('Hanswurst', 15.291916, 50.467027)]"
92,GAG269,"[('Hamburg', 10.000654, 53.550341), ('Bolivien', -64.9912286, -17.0568696), ('Hamburg', 10.000654, 53.550341), ('Guevaras', -64.0042564, 10.9561658), ('Europa', 10.0, 51.0)]"
93,GAG268,"[('Battle Creek', -85.1824269, 42.3192548), ('US', -100.445882, 39.7837304), ('Bruder', 14.157055, 50.800722)]"
94,GAG267,"[('Rom', 12.4829321, 41.8933203)]"
95,GAG266,"[('England', -1.2649062, 52.5310214), ('Normandie', 0.3138532, 49.0677708), ('England', -1.2649062, 52.5310214), ('Engländer', 9.3120119, 50.056127)]"
96,GAG265,"[('Neapel', 14.2487679, 40.8358846), ('den USA', -104.68536732610298, 39.8606676)]"
97,GAG264,"[('Koreas', 127.6961188, 36.638392), ('Koreas', 127.6961188, 36.638392)]"
98,Krankenbetten und Dauerbäder,"[('Monika', 14.3688013, 50.8326854)]"
99,GAG262,"[('Geschehens', 10.5677982, 47.9952098), ('New York City', -74.0060152, 40.7127281)]"
100,GAG261,"[('London', -0.1276474, 51.5073219)]"
101,GAG260,"[('Hameln', 9.3561569, 52.1039941), ('Deutschlands', 13.667225793245475, 54.559670350000005)]"
102,GAG259,"[('Huelva', -6.9484945, 37.2575874)]"
103,GAG258,"[('USA', -100.445882, 39.7837304)]"
104,GAG257,"[('Südamerika', -61.0006565, -21.0002179), ('Berlin', 13.3888599, 52.5170365)]"
105,GAG256,"[('Schweiz', 8.2319736, 46.7985624), ('der Schweiz', 10.1776692, 50.4314453)]"
106,GAG255,"[('Japan', 139.2394179, 36.5748441)]"
107,GAG254,"[('Brasilien', -53.2, -10.3333333), ('Hevea', 20.6678001, -0.1717871), ('London', -0.1276474, 51.5073219)]"
108,GAG253,"[('Europa', 10.0, 51.0), ('Spanien', -4.8379791, 39.3260685), ('Portugal', -8.1353519, 39.6621648), ('England', -1.2649062, 52.5310214)]"
109,GAG252,"[('USA', -100.445882, 39.7837304)]"
110,GAG251,"[('Wien', 16.3725042, 48.2083537), ('Europa', 10.0, 51.0)]"
111,GAG249,"[('Mekka', 39.826869, 21.420847)]"
112,GAG248,"[('Erde', 5.4980051, 51.6034376), ('Indien', 78.6677428, 22.3511148)]"
113,GAG247,"[('Geschehens', 10.5677982, 47.9952098)]"
114,GAG246,"[('Frankreich', 1.8883335, 46.603354), ('Louisiana', -92.007126, 30.8703881)]"
115,GAG245,"[('Nord-', 3.0883523694464854, 50.52896715), ('Südkorea', 127.6961188, 36.638392)]"
116,GAG244,"[('Italien', 12.674297, 42.6384261)]"
117,GAG243,"[('Irland', -7.9794599, 52.865196)]"
118,GAG242,"[('Stockholm', 18.0710935, 59.3251172)]"
119,GAG241,"[('Osnabrück', 8.047635, 52.2719595), ('Münster', 7.6251879, 51.9625101), ('Prag', 14.4212535, 50.0874654), ('Stadt', 8.2146017, 53.1389753), ('Prag', 14.4212535, 50.0874654)]"
120,GAG240,"[('Nancy', 6.1834097, 48.6937223)]"
121,GAG239,"[('Zabern', 7.3625953, 48.7419909), ('Elsass', 7.4074699518555, 48.24917645)]"
122,GAG238,"[('Mäusen', -76.995521, 38.48065)]"
123,GAG237,"[('Paris', 2.3200410217200766, 48.8588897), ('Landes', -0.6433872354467377, 44.00996945)]"
124,GAG236,"[('Atlantic City.', -74.4229351, 39.3642852)]"
125,GAG235,"[('Schweiz', 8.2319736, 46.7985624)]"
126,GAG234,"[('Russland', 97.7453061, 64.6863136), ('Russland', 97.7453061, 64.6863136), ('Frankreich', 1.8883335, 46.603354), ('Krasnaja', 25.25886, 53.63148)]"
127,GAG233,"[('San Francisco', -122.419906, 37.7790262)]"
128,GAG231,"[('USA', -100.445882, 39.7837304)]"
129,GAG230,"[('Tansania', 35.7878438, -6.5247123), ('Berlin', 13.3888599, 52.5170365)]"
130,GAG229,"[('Ungarns', 10.70708, 59.9158083), ('Báthory', 17.7617687, 48.719068)]"
131,GAG228,"[('Berlin', 13.3888599, 52.5170365), ('Florentiner', 11.5826563, 48.161033), ('Berliner Blau', 9.75002, 52.4285637)]"
132,GAG227,"[('Baltimore', -76.610759, 39.2908816)]"
133,GAG226,"[('See', 10.4666667, 47.0833333), ('Java', 109.6139109880134, -7.327969400000001), ('Australien', 134.755, -24.7761086)]"
134,GAG225,"[('Frankreich', 1.8883335, 46.603354)]"
135,GAG224,"[('Spanien', -4.8379791, 39.3260685), ('Amerikas', 21.03560377182088, 56.1444738), ('Atlantik', 2.223095, 6.540829)]"
136,GAG223,"[('Japan', 139.2394179, 36.5748441)]"
137,GAG221,"[('Brasilien', -53.2, -10.3333333), ('Brasiliens', 18.0473911, 59.3315769)]"
138,GAG220,"[('New York', -74.0060152, 40.7127281)]"
139,GAG219,"[('Deutschland', 10.4478313, 51.1638175)]"
140,GAG218,"[('Florenz', 11.2555757, 43.7698712), ('Medici.', 14.2263427, 41.2102717), ('Medici', 14.2263427, 41.2102717), ('Florenz', 11.2555757, 43.7698712), ('Italien', 12.674297, 42.6384261)]"
141,GAG217,"[('Wien', 16.3725042, 48.2083537)]"
142,GAG216,"[('St. Helena', -5.7129442, -15.9694573), ('Frankreich', 1.8883335, 46.603354), ('Rom', 12.4829321, 41.8933203), ('Europa', 10.0, 51.0), ('Wien', 16.3725042, 48.2083537), ('Kapuzinergruft', 16.3701652, 48.2057727), ('Wien.', 16.3725042, 48.2083537)]"
143,GAG214,"[('USA', -100.445882, 39.7837304), ('Washington', -77.0365427, 38.8950368), ('Wien', 16.3725042, 48.2083537)]"
144,GAG213,"[('Schottland', -4.1140518, 56.7861112)]"
145,GAG211,"[('Geschehens', 10.5677982, 47.9952098)]"
146,GAG210,"[('Niederlande', 5.6343227, 52.2434979), ('Niederlande', 5.6343227, 52.2434979), ('Nazi-Deutschland', 11.1126843, 49.4339695)]"
147,GAG209,"[('Italien', 12.674297, 42.6384261)]"
148,GAG207,"[('USA', -100.445882, 39.7837304), ('Protagonist', 144.9687994, -37.8214252), ('dran', 57.4240144, 30.5475401)]"
149,GAG205,"[('Schloss Itter', 12.139489260110931, 47.47044245), ('Tirol', 11.5261028, 47.223193), ('Europa', 10.0, 51.0), ('Schloss', 12.0106659, 50.9298311), ('Frankreichs', 12.499366, 41.909354), ('US-Soldaten', 6.6643205, 53.5893585)]"
150,GAG204,"[('England', -1.2649062, 52.5310214), (""Regent's Park"", -0.1538974609013864, 51.530202450000004), ('England', -1.2649062, 52.5310214)]"
151,GAG203,"[('Südtiroler', 16.3737346, 48.1862627), ('Italien', 12.674297, 42.6384261), ('Portland', -122.674194, 45.5202471)]"
152,GAG202,"[('Österreich', 14.12456, 47.59397)]"
153,GAG199,"[('Helgoland', 7.885362101180695, 54.18004525), ('Großbritannien', -1.9180234948012402, 54.31536155)]"
154,GAG198,"[('Ukraine.', 31.2718321, 49.4871968)]"
155,GAG197,"[('Finnland', 25.9209164, 63.2467777)]"
156,GAG196,"[('Nord-', 3.0883523694464854, 50.52896715), ('Südamerika', -61.0006565, -21.0002179), ('Karibisches Meer', -75.0000001, 15.0000001), ('Pazifik', 8.1353594, 53.5979139)]"
157,GAG195,"[('Wien', 16.3725042, 48.2083537), ('Johannesburg', 28.049722, -26.205), ('Hamburg', 10.000654, 53.550341), ('KZ Sachsenhausen', 13.2429962, 52.775687), ('Panama', -81.1308434, 8.559559)]"
158,GAG194,"[('Nordamerikas', 12.4113744, 51.3028882), ('Mississippi.', -89.7348497, 32.9715285), ('Frankreich', 1.8883335, 46.603354), ('Louisiana', -92.007126, 30.8703881), ('Frankreich', 1.8883335, 46.603354), ('Natchez', -91.403171, 31.5604076)]"
159,GAG193,"[('Vorarlberg', 9.9166667, 47.25), ('Vorarlberger', 9.7451629, 47.4936833), ('Schweiz', 8.2319736, 46.7985624), ('Vorarlberg', 9.9166667, 47.25), ('Übrig', 8.5589933, 47.9944021)]"
160,GAG191,"[('Großbritannien', -1.9180234948012402, 54.31536155), ('England', -1.2649062, 52.5310214), ('Norweger', 7.8252956, 52.7528584), ('Englands', -1.8595357657235332, 51.7039725), ('England', -1.2649062, 52.5310214)]"
161,GAG190,"[('Iran', 54.5643516, 32.6475314), ('Syrien', 39.0494106, 34.6401861)]"
162,GAG189,"[('Karthago', 10.3309924, 36.8548083), ('Rom', 12.4829321, 41.8933203), ('Römern', 8.68308814142365, 50.1106694), ('Römer', 8.6816587, 50.1104684)]"
163,GAG188,"[('USA', -100.445882, 39.7837304)]"
164,GAG186,"[('Rochdale', -2.1557561, 53.6153659), ('Deutschland', 10.4478313, 51.1638175)]"
165,GAG185,"[('USA', -100.445882, 39.7837304), ('USA', -100.445882, 39.7837304), ('New York City', -74.0060152, 40.7127281), ('Lower', 32.6060423, 0.3132141), ('Chinatown', -73.9962504, 40.7164913), ('Little Italy', -73.9982152, 40.7192728)]"
166,GAG184,"[('Leonberg', 9.0150026, 48.8012983), ('Herzogtum Württemberg', 9.1725179, 48.7554548), ('Württemberg', 9.0994058, 48.3366504)]"
167,GAG183,"[('Agrippina', 49.1233281, 55.7898555), ('Agrippina', 49.1233281, 55.7898555)]"
168,GAG182,"[('den USA', -104.68536732610298, 39.8606676), ('Staaten', 142.90409694877354, -16.587403549999998), ('Deutschland', 10.4478313, 51.1638175), ('Deutschland', 10.4478313, 51.1638175)]"
169,GAG180,"[('Sueskanal', 32.3331003, 30.6052767), ('Kanal', 13.6339298, 46.0858687), ('Sueskanal', 32.3331003, 30.6052767)]"
170,GAG179,"[('Deutschland', 10.4478313, 51.1638175), ('Frankfurt', 8.6820917, 50.1106444)]"
171,GAG178,"[('Rom', 12.4829321, 41.8933203)]"
172,GAG177,"[('Chinas', -76.044592, 2.6933228), ('Landes', -0.6433872354467377, 44.00996945)]"
173,GAG176,"[('Saint-Imer', 0.1742541, 49.2536563), ('Berner Jura', 7.184410305233462, 47.20288345), ('der Schweiz', 10.1776692, 50.4314453)]"
174,GAG175,"[('Europa', 10.0, 51.0), ('USA', -100.445882, 39.7837304)]"
175,GAG174,"[('USA', -100.445882, 39.7837304)]"
176,GAG173,"[('Frankreichs', 12.499366, 41.909354), ('Frankreich', 1.8883335, 46.603354)]"
177,GAG172,"[('Europa', 10.0, 51.0), ('Europas', 8.958095134724655, 51.14825865), ('England', -1.2649062, 52.5310214)]"
178,GAG170,"[('Kokos-Insel', -87.05976165965734, 5.52811005), ('Costa Rica', -84.0739102, 10.2735633), ('Pazifik', 8.1353594, 53.5979139)]"
179,GAG169,"[('China', 104.999927, 35.000074), ('China', 104.999927, 35.000074)]"
180,GAG168,"[('Laupheim', 9.8771587, 48.2305342), ('Deutschlands', 13.667225793245475, 54.559670350000005), ('USA', -100.445882, 39.7837304), ('Hollywood', -118.329523, 34.0980031), ('Hollywood.', -118.329523, 34.0980031)]"
181,GAG167,"[('Englands', -1.8595357657235332, 51.7039725)]"
182,GAG166,"[('Wien', 16.3725042, 48.2083537), ('1. Republik', 34.268369024507635, 62.2186531), ('Riga', 24.1051846, 56.9493977)]"
183,GAG165,"[('Geschehens', 10.5677982, 47.9952098), ('Italiens', 7.1003422, 47.0794135)]"
184,GAG162,"[('Berlin', 13.3888599, 52.5170365), ('Republik', 2.3637014, 48.8676215), ('Berliner Schloss.', 13.40073520814235, 52.517215199999995)]"
185,GAG161,"[('Geschehens', 10.5677982, 47.9952098), ('USA', -100.445882, 39.7837304), ('USA', -100.445882, 39.7837304)]"
186,GAG160,"[('Amrum', 8.328274983040426, 54.6601796)]"
187,GAG158,"[('Geschehens', 10.5677982, 47.9952098), ('Iran', 54.5643516, 32.6475314)]"
188,GAG157,"[('Europa', 10.0, 51.0), ('Chile', -71.3187697, -31.7613365), ('Atacama-Wüste', -69.4226479, -24.5563029), ('Atacama-Wüste', -69.4226479, -24.5563029)]"
189,GAG154,"[('Frankreich', 1.8883335, 46.603354), ('Marseille', 5.3699525, 43.2961743), ('Brüssel', 4.351697, 50.8465573), ('Frankreichs', 12.499366, 41.909354)]"
190,GAG153,"[('Wien', 16.3725042, 48.2083537)]"
191,GAG152,"[('Antarktis', 0.3149312, -79.4063075), ('Elephant Island', -55.215106604558514, -61.1679146), ('Südgeorgien', -36.49465186334665, -54.43393195), ('Shackleton', 117.8368271, -31.9316993)]"
192,GAG151,"[('Japans', 18.1069522, 59.3348211), ('Japans', 18.1069522, 59.3348211)]"
193,GAG150,"[('Bendestorf.', 9.9660013, 53.3420656), ('Bendestorf', 9.9660013, 53.3420656), ('Niedersachsen', 9.075962, 52.8398531), ('Hamburg', 10.000654, 53.550341), ('Bendestorf', 9.9660013, 53.3420656), ('Bendestorf', 9.9660013, 53.3420656), ('Bendestorf', 9.9660013, 53.3420656), ('Bendestorf', 9.9660013, 53.3420656)]"
194,GAG149,"[('Island', -18.1059013, 64.9841821)]"
195,GAG147,"[('Deutschland', 10.4478313, 51.1638175)]"
196,GAG146,"[('Südamerika', -61.0006565, -21.0002179), ('La Plata-Region', -70.393151, -29.1333325), ('Paraguay', -58.1693445, -23.3165935), ('Argentinien,', -64.9672817, -34.9964963), ('Brasilien', -53.2, -10.3333333)]"
197,GAG145,"[('Bratislava', 17.1093063, 48.1516988)]"
198,GAG141,"[('Kabakon', 152.3969375, -4.237125000000001)]"
199,GAG140,"[('Moskau', 37.6174943, 55.7504461), ('Deutschland', 10.4478313, 51.1638175), ('Moskau', 37.6174943, 55.7504461), ('Moskau.', 37.6174943, 55.7504461)]"
200,GAG139,"[('Frankreich', 1.8883335, 46.603354)]"
201,GAG136,"[('Wiens', 7.7257921, 51.7455388)]"
202,GAG135,"[('Wien', 16.3725042, 48.2083537)]"
203,GAG134,"[('Schweiz', 8.2319736, 46.7985624)]"
204,GAG132,"[('Bremer', -92.3099856, 42.7669649), ('Bremen', 8.8071646, 53.0758196)]"
205,GAG131,"[('Großbritanniens', 12.50154043735413, 41.90823145)]"
206,GAG130,"[('Geschehens', 10.5677982, 47.9952098), ('Kleinasiens', 13.79033159272656, 52.8183204)]"
207,GAG129,"[('Englands', -1.8595357657235332, 51.7039725)]"
208,GAG128,"[('USA', -100.445882, 39.7837304)]"
209,GAG127,"[('Altona', 9.777669726868917, 53.58646755)]"
210,GAG126,"[('Geschehens', 10.5677982, 47.9952098)]"
211,GAG125,"[('Texas', -98.5456116, 31.2638905), ('Texas', -98.5456116, 31.2638905), ('Mexiko', -102.0077097, 23.6585116), ('Republik Texas', -95.56868264469539, 29.728593449999998)]"
212,GAG123,"[('Sachsen', 13.4585052, 50.9295798), ('Nordamerikas', 12.4113744, 51.3028882)]"
213,GAG122,"[('Geschehens', 10.5677982, 47.9952098)]"
214,GAG121,"[('Afrika', 17.7578122, 11.5024338), ('Westafrika', 9.609507, 52.746658)]"
215,GAG119,"[('Berlin', 13.3888599, 52.5170365), ('Heiligenberg', 7.3909733, 48.5378755), ('Bad Segeberg', 10.3137943, 53.9422672)]"
216,GAG117,"[('Berlin', 13.3888599, 52.5170365)]"
217,GAG116,"[('Island', -18.1059013, 64.9841821)]"
218,GAG115,"[('Dortmund', 7.4652789, 51.5142273), ('Lübeck', 10.684738, 53.866444)]"
219,GAG114,"[('Scarp', -7.13480405326173, 58.020549149999994)]"
220,GAG112,"[('München.', 11.5753822, 48.1371079), ('Bayerns', 11.569015, 48.1440788)]"
221,GAG109,"[('Albanien', 19.9999619, 41.000028)]"
222,GAG106,"[('England', -1.2649062, 52.5310214), ('Europa', 10.0, 51.0), ('Schottland', -4.1140518, 56.7861112)]"
223,GAG105,"[('Albaniens', 19.823048036739614, 41.32598515), ('Islam', 8.5313, 14.6822), ('Balkan', 23.814655401592667, 41.77863335), ('Albaniens', 19.823048036739614, 41.32598515)]"
224,GAG104,"[('England', -1.2649062, 52.5310214), ('Frankreich', 1.8883335, 46.603354), ('Frankreich', 1.8883335, 46.603354)]"
225,GAG103,"[('Deutschland', 10.4478313, 51.1638175)]"
226,GAG101,"[('St. Petersburg', 30.316229, 59.938732), ('New York', -74.0060152, 40.7127281)]"
227,GAG100,"[('Southampton', -1.404189, 50.9025349), ('England', -1.2649062, 52.5310214), ('Sydney', 151.2082848, -33.8698439)]"
228,GAG99,"[('Budapest', 19.0403594, 47.4979937), ('Todes', 37.6358816, 55.8079073)]"
229,GAG97,"[('Preußen', 21.9245893, 55.0751408), ('Niederlanden', 32.595727238999544, -25.965077), ('Belgien', 4.6667145, 50.6402809)]"
230,GAG94,"[('Englands', -1.8595357657235332, 51.7039725), ('Stadt', 8.2146017, 53.1389753)]"
231,GAG93,"[('uns"".', 58.759815, 53.277153)]"
232,GAG92,"[('New York City', -74.0060152, 40.7127281)]"
233,GAG90,"[('Irland', -7.9794599, 52.865196)]"
234,GAG87,"[('Wörgl', 12.07928067668956, 47.48033265)]"
235,GAG86,"[('Döner', 13.4703351, 52.6145291)]"
236,GAG85,"[('Australiens', 151.5661514799482, -32.102169950000004)]"
237,GAG84,"[('Erde', 5.4980051, 51.6034376)]"
238,GAG81,"[('Platz am Tisch', 9.5691894, 47.4695946)]"
239,GAG80,"[('Amsterdam', 4.8936041, 52.3727598), ('Museum Ons’ Lieve Heer op Solder.', 4.899154106149027, 52.3751465), ('Amsterdam', 4.8936041, 52.3727598)]"
240,GAG77,"[('Europas', 8.958095134724655, 51.14825865), ('Augsburg', 10.8986971, 48.3668041)]"
241,GAG76,"[('Japan', 139.2394179, 36.5748441), ('Nashville', -86.7742984, 36.1622767)]"
242,GAG74,"[('Paris', 2.3200410217200766, 48.8588897)]"
243,GAG73,"[('Europa', 10.0, 51.0), ('Gewissens', 25.2729145, 57.3135964)]"
244,GAG71,"[('Europas', 8.958095134724655, 51.14825865)]"
245,GAG70,"[('Würzburg', 9.932966, 49.79245)]"
246,GAG66,"[('Hamburgs', 9.994550134684175, 53.63636215)]"
247,GAG65,"[('Südafrika', 24.991639, -28.8166236)]"
248,GAG62,"[('New Yorker', -83.01419306965731, 39.97729635), ('Central Park', -73.9653627406542, 40.7827725)]"
249,GAG59,"[('Ostküste', 11.243553949999999, 54.4626247), ('USA', -100.445882, 39.7837304), ('Mysterium', 5.1223294, 52.0864296)]"
250,GAG58,"[('Hamburg', 10.000654, 53.550341)]"
251,GAG56,"[('Memphis', -89.9668758, 35.1335022)]"
252,GAG51,"[('China', 104.999927, 35.000074)]"
253,GAG50,"[('Einiges', 29.6284332, 46.8363585)]"
254,GAG49,"[('Australien', 134.755, -24.7761086), ('Melbourne', 144.9631608, -37.8142176), ('Golf von Carpentaria', 138.975284, -14.0346402)]"
255,GAG47,"[('Tirol', 11.5261028, 47.223193), ('Vorarlberg', 9.9166667, 47.25), ('Schweiz', 8.2319736, 46.7985624), ('Alpen', 9.141582381412086, 45.9081401), ('Schwaben', 10.47129100603846, 48.15313125)]"
256,GAG45,"[('Österreich', 14.12456, 47.59397), ('Wien', 16.3725042, 48.2083537), ('2. Republik', 58.170894, 53.814429)]"
257,GAG43,"[('Geschehens', 10.5677982, 47.9952098), ('Wien', 16.3725042, 48.2083537)]"
258,GAG42,"[('Portland', -122.674194, 45.5202471), ('Stadt', 8.2146017, 53.1389753), ('Garten', 23.8342648, 53.6834599)]"
259,GAG37,"[('Naturalien', 38.11234195565997, 55.877668)]"
260,GAG35,"[('Wien:', 16.3725042, 48.2083537)]"
261,GAG34,"[('Briten', 18.8656175, 57.3991819), ('China', 104.999927, 35.000074)]"
262,GAG33,"[('KZ Buchenwald', 11.2522682, 51.0235423), ('Liechtenstein', 9.5531527, 47.1416307)]"
263,GAG27,"[('Senj', 14.9030557, 44.9897329)]"
264,GAG26,"[('Champagne', -0.906667, 45.831944), ('Frankreich', 1.8883335, 46.603354)]"
265,GAG25,"[('Wien', 16.3725042, 48.2083537), ('Nationalbibliothek.', 10.717552819199415, 59.914080999999996)]"
266,GAG21,"[('Frankfurt', 8.6820917, 50.1106444)]"
267,GAG20,"[('Chinas', -76.044592, 2.6933228), ('China', 104.999927, 35.000074)]"
268,GAG18,"[('Russland', 97.7453061, 64.6863136), ('Hollands', -7.511779137509553, 54.86136295)]"
269,GAG17,"[('Regensburg', 12.0974869, 49.0195333)]"
270,GAG16,"[('Römische Reich', 6.7829347, 51.2449331)]"
271,GAG15,"[('Europa', 10.0, 51.0)]"
272,GAG13,"[('Wien', 16.3725042, 48.2083537)]"
273,GAG11,"[('Regensburg', 12.0974869, 49.0195333), ('Madrid', -3.7035825, 40.4167047), ('Brüssel.', 4.351697, 50.8465573)]"
274,GAG09,"[('London', -0.1276474, 51.5073219)]"
275,GAG03,"[('Ägypten', 29.2675469, 26.2540493)]"
